Time,Steering Wheel,Break,Activating Signal
11:41.994,554,32767,0
11:42.013,554,32767,0
11:42.031,554,32767,0
11:42.046,554,32767,0
11:42.066,554,32767,0
11:42.083,554,32767,0
11:42.101,554,32767,0
11:42.129,554,32767,0
11:42.147,554,32767,0
11:42.163,554,32767,0
11:42.183,554,32767,0
11:42.215,554,32767,0
11:42.229,554,32767,0
11:42.244,554,32767,0
11:42.261,554,32767,0
11:42.291,554,32767,0
11:42.309,554,32767,0
11:42.324,554,32767,0
11:42.355,554,32767,0
11:42.370,554,32767,0
11:42.385,554,32767,0
11:42.403,554,32767,0
11:42.431,554,32767,0
11:42.450,554,32767,0
11:42.464,554,32767,0
11:42.496,554,32767,0
11:42.512,554,32767,0
11:42.527,554,32767,0
11:42.545,554,32767,0
11:42.573,554,32767,0
11:42.594,554,32767,0
11:42.608,554,32767,0
11:42.626,554,32767,0
11:42.653,554,32767,0
11:42.672,554,32767,0
11:42.685,554,32767,0
11:42.716,554,32767,0
11:42.731,554,32767,0
11:42.746,554,32767,0
11:42.764,554,32767,0
11:42.793,554,32767,0
11:42.811,554,32767,0
11:42.827,554,32767,0
11:42.844,554,32767,0
11:42.873,554,32767,0
11:42.891,554,32767,0
11:42.907,554,32767,0
11:42.924,554,32767,0
11:42.955,554,32767,8
11:42.972,554,32767,0
11:42.991,554,32767,0
11:43.012,554,32767,0
11:43.029,554,32767,0
11:43.049,554,32767,0
11:43.065,554,32767,0
11:43.083,554,32767,0
11:43.118,554,32767,0
11:43.132,554,32767,0
11:43.147,554,32767,0
11:43.166,554,32767,0
11:43.194,554,32767,0
11:43.213,554,32767,0
11:43.227,554,32767,0
11:43.243,554,32767,0
11:43.262,554,32767,0
11:43.300,554,32767,0
11:43.316,554,32767,0
11:43.335,554,32767,0
11:43.351,554,32767,0
11:43.367,554,32767,0
11:43.382,554,32767,0
11:43.415,554,32767,0
11:43.429,554,32767,0
11:43.443,554,32767,0
11:43.461,554,32767,0
11:43.494,554,32767,0
11:43.510,554,32767,0
11:43.526,554,32767,0
11:43.543,554,32767,0
11:43.572,554,32767,0
11:43.590,554,31467,0
11:43.607,559,27826,0
11:43.625,560,25226,0
11:43.657,579,19765,0
11:43.673,598,16124,0
11:43.688,617,12483,0
11:43.707,639,9623,0
11:43.722,673,5462,0
11:43.754,745,1,0
11:43.770,783,-1536,0
11:43.788,816,-3072,0
11:43.805,855,-4096,0
11:43.824,886,-5376,0
11:43.856,952,-9472,0
11:43.872,986,-11520,0
11:43.887,1026,-12544,0
11:43.907,1065,-12800,0
11:43.921,1124,-13312,0
11:43.951,1209,-13312,0
11:43.966,1248,-13312,0
11:43.984,1289,-13312,0
11:44.017,1361,-13568,0
11:44.033,1399,-14080,0
11:44.050,1437,-14848,0
11:44.068,1477,-15104,0
11:44.083,1518,-15616,0
11:44.115,1582,-15616,0
11:44.130,1608,-15616,0
11:44.146,1616,-14848,0
11:44.165,1621,-14848,0
11:44.198,1616,-12544,0
11:44.215,1603,-9216,0
11:44.233,1575,-2560,0
11:44.248,1535,7022,0
11:44.266,1489,15864,0
11:44.281,1426,26786,0
11:44.315,1314,32767,0
11:44.329,1247,32767,0
11:44.346,1196,32767,0
11:44.363,1149,32767,0
11:44.393,1079,32767,0
11:44.412,1064,32767,0
11:44.427,1058,32767,0
11:44.445,1058,32767,0
11:44.476,1058,32767,0
11:44.491,1058,32767,0
11:44.505,1058,32767,0
11:44.523,1058,32767,0
11:44.553,1059,32767,0
11:44.571,1059,32767,0
11:44.586,1059,32767,0
11:44.604,1059,32767,0
11:44.638,1059,32767,0
11:44.653,1059,32767,0
11:44.671,1059,32767,0
11:44.686,1059,32767,0
11:44.700,1059,32767,0
11:44.733,1059,32767,0
11:44.749,1059,32767,0
11:44.769,1058,32767,0
11:44.785,1057,32767,0
11:44.802,1057,32767,0
11:44.830,1053,32767,0
11:44.847,1053,32767,0
11:44.862,1053,32767,0
11:44.894,1053,32767,0
11:44.909,1053,32767,0
11:44.924,1053,32767,0
11:44.941,1053,32767,0
11:44.970,1053,32767,0
11:44.987,1053,32767,0
11:45.001,1053,32767,0
11:45.037,1053,32767,0
11:45.052,1053,32767,0
11:45.069,1053,32767,0
11:45.084,1053,32767,0
11:45.116,1053,32767,0
11:45.131,1053,32767,0
11:45.147,1053,32767,0
11:45.164,1053,32767,0
11:45.192,1053,32767,0
11:45.210,1053,32767,0
11:45.225,1053,32767,0
11:45.256,1053,32767,0
11:45.270,1053,32767,0
11:45.285,1053,32767,0
11:45.303,1053,32767,0
11:45.332,1050,32767,0
11:45.352,1039,32767,0
11:45.367,1019,32767,0
11:45.385,1004,32767,0
11:45.401,974,32767,0
11:45.434,927,32767,0
11:45.452,906,32767,0
11:45.466,895,32767,0
11:45.482,894,32767,0
11:45.512,894,32767,0
11:45.527,894,32767,0
11:45.546,894,32767,0
11:45.560,894,32767,0
11:45.592,894,32767,0
11:45.607,894,32767,0
11:45.625,894,32767,0
11:45.658,894,32767,0
11:45.672,894,32767,0
11:45.687,894,32767,0
11:45.704,894,32767,0
11:45.736,894,32767,0
11:45.752,894,32767,0
11:45.766,894,32767,0
11:45.783,894,32767,0
11:45.811,894,32767,0
11:45.829,894,32767,0
11:45.846,894,32767,0
11:45.864,894,32767,0
11:45.893,894,32767,0
11:45.911,894,32767,0
11:45.925,894,32767,0
11:45.956,894,32767,0
11:45.970,894,32767,0
11:45.984,894,32767,0
11:46.003,894,32767,0
11:46.035,894,32767,0
11:46.051,894,32767,0
11:46.068,894,32767,0
11:46.081,894,32767,0
11:46.114,894,32767,0
11:46.129,894,32767,0
11:46.143,894,32767,0
11:46.163,894,32767,0
11:46.193,894,32767,0
11:46.208,894,32767,0
11:46.224,894,32767,0
11:46.242,894,32767,0
11:46.275,894,32767,0
11:46.290,894,32767,0
11:46.305,894,32767,0
11:46.323,890,32767,0
11:46.356,848,32767,0
11:46.371,795,32767,0
11:46.390,744,32767,0
11:46.404,659,32767,0
11:46.437,480,32767,0
11:46.451,356,32767,0
11:46.466,253,32767,0
11:46.485,140,32767,0
11:46.517,-71,32767,0
11:46.533,-174,32767,0
11:46.549,-253,32767,0
11:46.568,-320,32767,0
11:46.583,-386,32767,0
11:46.603,-430,32767,0
11:46.635,-508,32767,0
11:46.652,-555,32767,0
11:46.671,-595,32767,0
11:46.687,-640,32767,0
11:46.703,-679,32767,0
11:46.735,-760,32767,0
11:46.753,-799,32767,0
11:46.769,-843,32767,0
11:46.787,-877,32767,0
11:46.801,-910,32767,0
11:46.834,-955,32767,0
11:46.850,-976,32767,0
11:46.868,-988,32767,0
11:46.882,-1000,32767,0
11:46.914,-1001,32767,0
11:46.929,-1001,32767,0
11:46.943,-1001,32767,0
11:46.961,-1001,32767,0
11:46.989,-1001,32767,0
11:47.007,-996,32767,0
11:47.022,-988,32767,0
11:47.041,-970,32767,0
11:47.075,-908,32767,0
11:47.090,-848,32767,0
11:47.106,-798,32767,0
11:47.124,-733,32767,0
11:47.152,-601,32767,0
11:47.171,-521,32767,0
11:47.185,-423,32767,0
11:47.202,-345,32767,0
11:47.232,-167,32767,0
11:47.250,-72,32767,0
11:47.264,22,32767,0
11:47.296,174,32767,0
11:47.312,252,32767,0
11:47.326,305,32767,0
11:47.345,342,32767,0
11:47.374,397,32767,0
11:47.391,416,32767,0
11:47.407,423,32767,0
11:47.422,427,32767,0
11:47.455,427,32767,0
11:47.472,427,32767,0
11:47.490,427,32767,0
11:47.504,427,32767,0
11:47.534,427,32767,0
11:47.548,427,32767,0
11:47.563,427,32767,0
11:47.594,427,32767,0
11:47.609,427,32767,0
11:47.627,427,32767,0
11:47.641,427,32767,0
11:47.673,427,32767,0
11:47.687,427,32767,0
11:47.702,427,32767,0
11:47.732,427,32767,0
11:47.747,427,32767,0
11:47.767,427,32767,0
11:47.782,427,32767,0
11:47.812,427,32767,0
11:47.828,427,32767,0
11:47.845,427,32767,0
11:47.876,427,32767,0
11:47.893,427,32767,0
11:47.907,427,32767,0
11:47.922,427,32767,0
11:47.953,427,32767,0
11:47.968,427,32767,0
11:47.986,427,32767,0
11:48.014,427,32767,0
11:48.032,427,32767,0
11:48.047,427,32767,0
11:48.065,427,32767,0
11:48.081,427,32767,0
11:48.113,427,32767,0
11:48.128,427,32767,0
11:48.144,427,32767,0
11:48.175,427,32767,0
11:48.192,427,32767,0
11:48.206,423,32767,0
11:48.221,423,32767,0
11:48.253,423,32767,0
11:48.268,423,32767,0
11:48.287,423,32767,0
11:48.302,423,32767,0
11:48.333,423,32767,0
11:48.347,423,32767,0
11:48.365,423,32767,0
11:48.397,423,32767,0
11:48.411,423,32767,0
11:48.425,423,32767,0
11:48.443,423,32767,0
11:48.473,423,32767,0
11:48.491,423,32767,0
11:48.506,423,32767,0
11:48.524,423,32767,0
11:48.556,423,32767,0
11:48.571,423,32767,0
11:48.587,423,32767,0
11:48.604,423,32767,0
11:48.636,423,32767,0
11:48.650,423,32767,0
11:48.665,423,32767,0
11:48.685,423,32767,0
11:48.715,423,32767,0
11:48.731,423,32767,0
11:48.746,423,32767,0
11:48.763,423,32767,0
11:48.792,423,32767,0
11:48.809,423,32767,0
11:48.823,423,32767,0
11:48.853,423,32767,0
11:48.866,423,32767,0
11:48.881,423,32767,0
11:48.911,423,32767,0
11:48.926,423,32767,0
11:48.942,423,32767,0
11:48.971,423,32767,0
11:48.988,423,32767,0
11:49.003,423,32767,0
11:49.034,423,32767,0
11:49.049,423,32767,0
11:49.064,423,32767,0
11:49.082,423,32767,0
11:49.114,423,32767,0
11:49.128,423,32767,0
11:49.142,423,32767,0
11:49.161,423,32767,0
11:49.190,423,32767,0
11:49.206,423,32767,0
11:49.234,423,32767,0
11:49.251,423,32767,0
11:49.266,423,32767,0
11:49.281,423,32767,0
11:49.311,423,32767,0
11:49.325,423,32767,0
11:49.342,423,32767,0
11:49.370,423,32767,0
11:49.387,423,32767,0
11:49.402,423,32767,0
11:49.432,423,32767,0
11:49.447,423,32767,0
11:49.462,423,32767,0
11:49.495,423,32767,0
11:49.510,423,32767,0
11:49.527,423,32767,0
11:49.542,423,32767,0
11:49.573,423,32767,0
11:49.587,423,32767,0
11:49.602,423,32767,0
11:49.634,423,32767,0
11:49.649,423,32767,0
11:49.667,423,32767,0
11:49.682,423,32767,0
11:49.715,423,32767,0
11:49.730,423,32767,0
11:49.749,421,32767,0
11:49.767,404,32767,0
11:49.784,378,32767,0
11:49.816,296,32767,0
11:49.831,231,32767,0
11:49.845,173,32767,0
11:49.862,107,32767,0
11:49.893,-78,32767,0
11:49.911,-169,32767,0
11:49.926,-262,32767,0
11:49.940,-334,32767,0
11:49.972,-452,32767,0
11:49.987,-497,32767,0
11:50.005,-541,32767,0
11:50.032,-602,32767,0
11:50.051,-622,32767,0
11:50.067,-647,32767,0
11:50.085,-665,32767,0
11:50.101,-678,32767,0
11:50.131,-686,32767,0
11:50.144,-686,32767,0
11:50.163,-686,32767,0
11:50.194,-686,32767,0
11:50.208,-686,32767,0
11:50.224,-686,32767,0
11:50.254,-686,32767,0
11:50.267,-686,32767,0
11:50.283,-686,32767,0
11:50.314,-686,32767,0
11:50.330,-686,32767,0
11:50.344,-686,32767,0
11:50.375,-686,32767,0
11:50.389,-686,32767,0
11:50.404,-686,32767,0
11:50.422,-685,32767,0
11:50.449,-685,32767,0
11:50.466,-685,32767,0
11:50.494,-685,32767,0
11:50.511,-685,32767,0
11:50.526,-682,32767,0
11:50.558,-682,32767,0
11:50.572,-682,32767,0
11:50.588,-681,32767,0
11:50.606,-678,32767,4
11:50.621,-667,32767,0
11:50.653,-647,32767,0
11:50.668,-640,32767,0
11:50.686,-629,32767,0
11:50.702,-626,32767,0
11:50.733,-621,32767,0
11:50.747,-621,32767,0
11:50.764,-621,32767,0
11:50.793,-621,32767,0
11:50.809,-621,32767,0
11:50.824,-621,32767,0
11:50.854,-621,32767,0
11:50.867,-621,32767,0
11:50.883,-621,32767,0
11:50.913,-621,32767,0
11:50.926,-621,32767,0
11:50.944,-621,32767,0
11:50.971,-621,32767,0
11:50.989,-621,32767,0
11:51.003,-621,32767,0
11:51.035,-626,32767,0
11:51.051,-628,32767,0
11:51.069,-640,32767,0
11:51.084,-655,32767,0
11:51.114,-701,32767,0
11:51.130,-737,32767,0
11:51.147,-772,32767,0
11:51.161,-805,32767,0
11:51.193,-865,32767,0
11:51.208,-896,32767,0
11:51.222,-929,32767,0
11:51.252,-993,32767,0
11:51.268,-1021,32767,0
11:51.286,-1059,32767,0
11:51.314,-1113,32767,0
11:51.331,-1133,32767,0
11:51.345,-1152,32767,0
11:51.375,-1171,32767,0
11:51.389,-1179,32767,0
11:51.404,-1180,32767,0
11:51.433,-1180,32767,0
11:51.446,-1180,32767,0
11:51.462,-1180,32767,0
11:51.491,-1180,32767,0
11:51.508,-1180,32767,0
11:51.524,-1179,32767,0
11:51.542,-1179,32767,0
11:51.570,-1179,32767,0
11:51.588,-1179,32767,0
11:51.602,-1179,32767,0
11:51.632,-1178,32767,0
11:51.646,-1178,28346,0
11:51.676,-1178,23405,0
11:51.691,-1178,22625,0
11:51.705,-1177,22105,0
11:51.722,-1177,21845,0
11:51.749,-1173,19505,0
11:51.766,-1172,17164,0
11:51.793,-1166,10403,0
11:51.810,-1159,6762,0
11:51.824,-1144,261,0
11:51.855,-1114,-6656,0
11:51.869,-1099,-8448,0
11:51.883,-1084,-9472,0
11:51.901,-1068,-10240,0
11:51.929,-1041,-10752,0
11:51.946,-1029,-10752,0
11:51.961,-1019,-10752,0
11:51.991,-1006,-10752,0
11:52.006,-996,-11008,0
11:52.036,-987,-11008,0
11:52.051,-981,-11264,0
11:52.065,-976,-11264,0
11:52.083,-974,-11520,0
11:52.111,-963,-11008,0
11:52.128,-962,-11008,0
11:52.143,-955,-10752,0
11:52.174,-955,-8704,0
11:52.188,-955,-6656,0
11:52.204,-955,-5120,0
11:52.234,-955,-3072,0
11:52.248,-955,-2560,0
11:52.264,-955,-1536,0
11:52.292,-955,2081,0
11:52.310,-955,4942,0
11:52.323,-955,8062,0
11:52.355,-948,11703,0
11:52.370,-936,13784,0
11:52.384,-928,15084,0
11:52.402,-915,16124,0
11:52.430,-891,17424,0
11:52.446,-881,17684,0
11:52.474,-869,17944,0
11:52.492,-862,17944,0
11:52.507,-857,18204,0
11:52.521,-850,18204,0
11:52.553,-848,18464,0
11:52.568,-848,18464,0
11:52.584,-844,18464,0
11:52.613,-832,19765,0
11:52.629,-819,20545,0
11:52.643,-798,21585,0
11:52.674,-757,22365,0
11:52.689,-724,22885,0
11:52.704,-698,23405,0
11:52.721,-661,24185,0
11:52.751,-576,25486,0
11:52.769,-516,26526,0
11:52.783,-430,27046,0
11:52.815,-255,27826,0
11:52.830,-124,27826,0
11:52.845,-6,27826,0
11:52.862,90,28086,0
11:52.889,273,28086,0
11:52.906,350,28086,0
11:52.934,476,28086,0
11:52.952,528,28086,0
11:52.966,572,28086,0
11:52.997,604,28086,0
11:53.011,605,27826,0
11:53.025,604,27306,0
11:53.042,600,27046,0
11:53.070,586,25486,0
11:53.088,567,25226,0
11:53.102,539,25226,0
11:53.136,456,24966,0
11:53.153,369,24445,0
11:53.171,273,24185,0
11:53.187,147,23925,0
11:53.204,22,23405,0
11:53.233,-209,23405,0
11:53.249,-326,23405,0
11:53.263,-430,23405,0
11:53.294,-602,23405,0
11:53.307,-693,23145,0
11:53.321,-777,23145,0
11:53.351,-962,23145,0
11:53.365,-1026,23145,0
11:53.384,-1111,23145,0
11:53.401,-1196,23145,0
11:53.433,-1343,23145,0
11:53.449,-1407,23145,0
11:53.466,-1473,23145,0
11:53.494,-1596,23145,0
11:53.512,-1656,23145,0
11:53.526,-1722,23145,0
11:53.543,-1762,23145,0
11:53.562,-1820,23145,0
11:53.593,-1933,23405,0
11:53.608,-1990,23405,0
11:53.621,-2049,23405,0
11:53.652,-2180,23405,0
11:53.666,-2245,23405,0
11:53.683,-2317,23665,0
11:53.710,-2490,23665,0
11:53.727,-2579,23665,0
11:53.742,-2679,23665,0
11:53.772,-2867,23665,0
11:53.787,-2992,23665,0
11:53.816,-3182,23665,0
11:53.829,-3316,23665,0
11:53.843,-3407,23665,0
11:53.873,-3629,23665,0
11:53.887,-3734,23925,0
11:53.903,-3837,23925,0
11:53.932,-4047,24185,0
11:53.949,-4154,24706,0
11:53.965,-4264,25226,0
11:53.982,-4374,25226,0
11:54.010,-4578,25746,0
11:54.027,-4657,26266,0
11:54.054,-4809,27566,0
11:54.071,-4891,28346,0
11:54.085,-4970,28346,0
11:54.115,-5098,28606,0
11:54.129,-5173,28866,0
11:54.143,-5235,28866,0
11:54.174,-5383,29386,0
11:54.188,-5451,29386,0
11:54.206,-5531,29646,0
11:54.233,-5700,29646,0
11:54.249,-5783,29646,0
11:54.264,-5882,29646,0
11:54.293,-6052,29906,0
11:54.307,-6144,29646,0
11:54.322,-6232,29646,0
11:54.352,-6394,29646,0
11:54.368,-6465,29646,0
11:54.385,-6543,29906,0
11:54.412,-6684,29646,0
11:54.429,-6743,29646,0
11:54.443,-6807,29646,0
11:54.474,-6893,29646,0
11:54.489,-6937,29646,0
11:54.503,-6959,29906,0
11:54.534,-6970,30947,0
11:54.548,-6970,31987,0
11:54.563,-6970,32767,0
11:54.589,-6970,32767,0
11:54.606,-6969,32767,0
11:54.633,-6918,32767,0
11:54.650,-6860,32767,0
11:54.665,-6760,32767,0
11:54.694,-6537,32767,0
11:54.708,-6379,32767,0
11:54.721,-6224,32767,0
11:54.751,-5877,32767,0
11:54.766,-5691,32767,0
11:54.784,-5477,32767,0
11:54.815,-5043,32767,0
11:54.829,-4816,32767,0
11:54.843,-4616,32767,0
11:54.872,-4152,32767,0
11:54.887,-3931,32767,0
11:54.903,-3707,32767,0
11:54.929,-3208,32767,0
11:54.946,-2927,32767,0
11:54.972,-2253,32767,0
11:54.987,-1925,32767,0
11:55.002,-1621,32767,0
11:55.030,-1080,32767,0
11:55.045,-804,32767,0
11:55.075,-379,32767,0
11:55.088,-161,32767,0
11:55.102,23,32767,0
11:55.132,372,32767,0
11:55.146,565,32767,0
11:55.164,722,32767,0
11:55.192,1026,32767,0
11:55.209,1169,32767,0
11:55.223,1307,32767,0
11:55.253,1534,32767,0
11:55.266,1712,32767,0
11:55.296,1990,32767,0
11:55.311,2197,32767,0
11:55.325,2355,32767,0
11:55.352,2671,32767,0
11:55.367,2834,32767,0
11:55.383,3003,32767,0
11:55.409,3352,32767,0
11:55.426,3534,32767,0
11:55.452,3921,32767,0
11:55.469,4098,32767,0
11:55.482,4296,32767,0
11:55.511,4618,32767,0
11:55.526,4825,32767,0
11:55.556,5180,32767,0
11:55.569,5397,32767,0
11:55.583,5534,32767,0
11:55.613,5822,32767,0
11:55.627,5938,32767,0
11:55.643,6045,32767,0
11:55.669,6249,32767,0
11:55.685,6352,32767,0
11:55.712,6550,32767,0
11:55.729,6646,32767,0
11:55.743,6773,32767,0
11:55.773,6963,32767,0
11:55.787,7085,32767,0
11:55.816,7263,32767,0
11:55.830,7373,32767,0
11:55.844,7447,32767,0
11:55.873,7571,32767,0
11:55.886,7624,32767,0
11:55.903,7675,32767,0
11:55.931,7760,32767,0
11:55.949,7796,32767,0
11:55.964,7854,32767,0
11:55.994,7946,32767,0
11:56.010,8016,32767,0
11:56.027,8075,32767,0
11:56.042,8135,32767,0
11:56.073,8215,32767,0
11:56.087,8245,32767,0
11:56.101,8247,32767,0
11:56.129,8202,32767,0
11:56.142,8163,32767,0
11:56.171,8005,32767,0
11:56.186,7918,32767,0
11:56.203,7781,32767,0
11:56.229,7514,32767,0
11:56.244,7374,32767,0
11:56.271,7079,32767,0
11:56.288,6921,32767,0
11:56.304,6713,32767,0
11:56.332,6379,32767,0
11:56.346,6189,32767,0
11:56.375,5856,32767,0
11:56.389,5634,32767,0
11:56.404,5428,32767,0
11:56.433,4931,32767,0
11:56.447,4681,32767,0
11:56.462,4425,32767,0
11:56.489,3850,32767,0
11:56.506,3536,32767,0
11:56.533,2834,32767,0
11:56.551,2494,32767,0
11:56.565,2072,32767,0
11:56.594,1544,32767,0
11:56.607,1234,32767,0
11:56.622,1050,32767,0
11:56.651,657,32767,0
11:56.666,502,32767,0
11:56.682,371,32767,0
11:56.709,154,32767,0
11:56.726,77,32767,0
11:56.752,-31,32767,0
11:56.769,-46,32767,0
11:56.782,-45,32767,0
11:56.813,-32,32767,0
11:56.829,3,32767,0
11:56.843,62,32767,0
11:56.871,253,32767,0
11:56.885,370,32767,0
11:56.901,468,32767,0
11:56.928,690,32767,0
11:56.943,803,32767,0
11:56.971,979,32767,0
11:56.989,1053,32767,0
11:57.004,1149,32767,0
11:57.032,1279,32767,0
11:57.047,1346,32767,0
11:57.076,1444,32767,0
11:57.090,1505,32767,0
11:57.103,1562,32767,0
11:57.120,1609,32767,0
11:57.147,1753,32767,0
11:57.164,1831,32767,0
11:57.191,2008,32767,0
11:57.208,2088,32767,0
11:57.223,2192,32767,0
11:57.253,2341,32767,0
11:57.267,2421,32767,0
11:57.282,2492,32767,0
11:57.313,2639,32767,0
11:57.329,2704,32767,0
11:57.346,2787,32767,0
11:57.371,2952,32767,0
11:57.387,3029,32767,0
11:57.401,3135,32767,0
11:57.430,3350,32767,0
11:57.443,3481,32767,0
11:57.473,3705,32767,0
11:57.486,3851,32767,0
11:57.516,4080,32767,0
11:57.529,4237,32767,0
11:57.544,4342,32767,0
11:57.572,4603,32767,0
11:57.586,4723,32767,0
11:57.603,4844,32767,0
11:57.630,5103,32767,0
11:57.645,5226,32767,0
11:57.673,5468,32767,0
11:57.689,5581,32767,0
11:57.703,5711,32767,0
11:57.732,5921,32767,0
11:57.745,6038,32767,0
11:57.776,6227,32767,0
11:57.789,6347,32767,0
11:57.802,6449,32767,0
11:57.832,6649,32767,0
11:57.846,6758,32767,0
11:57.861,6863,32767,0
11:57.889,7079,32767,0
11:57.905,7172,32767,0
11:57.932,7356,32767,0
11:57.949,7448,32767,0
11:57.963,7546,32767,0
11:57.993,7717,32767,0
11:58.006,7814,32767,0
11:58.022,7892,32767,0
11:58.052,8062,32767,0
11:58.066,8130,32767,0
11:58.084,8199,32767,0
11:58.110,8344,32767,0
11:58.125,8416,32767,0
11:58.151,8549,32767,0
11:58.169,8619,32767,0
11:58.182,8698,32767,0
11:58.213,8823,32767,0
11:58.227,8903,32767,0
11:58.242,8966,32767,0
11:58.271,9111,32767,0
11:58.285,9165,32767,0
11:58.301,9229,32767,0
11:58.328,9342,32767,0
11:58.344,9387,32767,0
11:58.371,9487,32767,0
11:58.387,9525,32767,0
11:58.400,9564,32767,0
11:58.431,9588,32767,0
11:58.445,9577,32767,0
11:58.475,9499,32767,0
11:58.488,9421,32767,0
11:58.502,9327,32767,0
11:58.531,9053,32767,0
11:58.546,8910,32767,0
11:58.563,8758,32767,0
11:58.589,8405,32767,0
11:58.606,8266,32767,0
11:58.632,7925,32767,0
11:58.647,7762,32767,0
11:58.661,7600,32767,0
11:58.691,7252,32767,0
11:58.705,7041,32767,0
11:58.734,6673,32767,0
11:58.748,6397,32767,0
11:58.763,6174,32767,0
11:58.791,5645,32767,0
11:58.804,5415,32767,0
11:58.821,5134,32767,0
11:58.849,4499,32767,0
11:58.866,4196,32767,0
11:58.892,3488,32767,0
11:58.908,3135,32767,0
11:58.921,2733,32767,0
11:58.950,2074,32767,0
11:58.964,1732,32767,0
11:58.993,1215,32767,0
11:59.007,932,32767,0
11:59.037,508,32767,0
11:59.053,265,32767,0
11:59.066,50,32767,0
11:59.083,-137,32767,0
11:59.109,-496,32767,0
11:59.124,-673,32767,0
11:59.150,-1033,32767,0
11:59.167,-1216,32767,0
11:59.191,-1609,32767,0
11:59.207,-1787,32767,0
11:59.233,-2221,32767,0
11:59.249,-2456,32767,0
11:59.266,-2743,32767,0
11:59.294,-3287,32767,0
11:59.308,-3582,32767,0
11:59.322,-3806,32767,0
11:59.350,-4410,32767,0
11:59.365,-4703,32767,0
11:59.393,-5291,32767,0
11:59.406,-5581,32767,0
11:59.422,-5884,32767,0
11:59.447,-6487,32767,0
11:59.464,-6781,32767,0
11:59.489,-7336,32767,0
11:59.505,-7580,32767,0
11:59.532,-8144,32767,0
11:59.548,-8425,32767,0
11:59.561,-8754,32767,0
11:59.590,-9212,32767,0
11:59.603,-9475,32767,0
11:59.632,-9853,32767,0
11:59.645,-10122,32767,0
11:59.677,-10494,32767,0
11:59.690,-10752,32767,0
11:59.703,-10953,32767,0
11:59.732,-11341,32767,0
11:59.746,-11537,32767,0
11:59.761,-11701,32767,0
11:59.787,-12087,32767,0
11:59.803,-12278,32767,0
11:59.830,-12646,32767,0
11:59.846,-12821,32767,0
11:59.861,-13026,32767,0
11:59.892,-13288,32767,0
11:59.906,-13404,32767,0
11:59.935,-13511,32767,0
11:59.949,-13555,32767,0
11:59.961,-13563,32767,0
11:59.990,-13549,32767,0
12:00.003,-13511,32767,0
12:00.022,-13459,32767,0
12:00.054,-13261,32767,0
12:00.067,-13149,32767,0
12:00.081,-13039,32767,0
12:00.110,-12765,32767,0
12:00.123,-12620,32767,0
12:00.152,-12317,32767,0
12:00.166,-12167,32767,0
12:00.182,-12016,32767,0
12:00.209,-11684,32767,0
12:00.224,-11504,32767,0
12:00.250,-11113,32767,0
12:00.267,-10903,32767,0
12:00.280,-10646,32767,0
12:00.309,-10188,32767,0
12:00.322,-9866,32767,0
12:00.351,-9278,32767,0
12:00.364,-8898,32767,0
12:00.395,-8183,32767,0
12:00.408,-7749,32767,0
12:00.421,-7370,32767,0
12:00.449,-6603,32767,0
12:00.462,-6269,32767,0
12:00.492,-5456,32767,0
12:00.506,-5069,32767,0
12:00.523,-4683,32767,0
12:00.549,-3923,32767,0
12:00.566,-3490,32767,0
12:00.581,-3051,32767,0
12:00.611,-2357,32767,0
12:00.623,-1940,32767,0
12:00.654,-1419,32767,0
12:00.668,-1107,32767,0
12:00.682,-902,32767,0
12:00.709,-556,32767,0
12:00.722,-431,32767,0
12:00.751,-188,32767,0
12:00.764,-85,32767,0
12:00.793,82,32767,0
12:00.806,147,32767,0
12:00.822,192,32767,0
12:00.847,231,32767,0
12:00.864,226,32767,0
12:00.890,206,32767,0
12:00.907,185,32767,0
12:00.932,139,32767,0
12:00.949,114,32767,0
12:00.962,83,32767,0
12:00.991,36,32767,0
12:01.005,11,32767,0
12:01.033,-18,32767,0
12:01.048,-27,32767,0
12:01.060,-31,32767,0
12:01.091,-31,32767,0
12:01.105,-31,32767,0
12:01.122,-31,32767,0
12:01.147,-31,32767,0
12:01.164,-31,32767,0
12:01.190,-31,32767,0
12:01.205,-31,32767,0
12:01.231,-31,32767,0
12:01.246,-31,32767,0
12:01.272,-31,32767,0
12:01.289,-31,32767,0
12:01.302,-31,32767,0
12:01.330,-31,32767,0
12:01.343,-31,32767,0
12:01.372,-31,32767,0
12:01.384,-31,32767,0
12:01.411,-31,32767,0
12:01.424,-31,32767,0
12:01.452,-31,32767,0
12:01.466,-32,32767,0
12:01.495,-57,32767,0
12:01.508,-90,32767,0
12:01.521,-135,32767,0
12:01.552,-254,32767,0
12:01.566,-338,32767,0
12:01.584,-411,32767,0
12:01.609,-550,32767,0
12:01.625,-609,32767,0
12:01.651,-718,32767,0
12:01.669,-747,32767,0
12:01.682,-785,32767,0
12:01.712,-819,32767,0
12:01.725,-832,32767,0
12:01.755,-838,32767,0
12:01.769,-838,32767,0
12:01.782,-838,32767,0
12:01.810,-838,32767,0
12:01.824,-838,32767,0
12:01.851,-838,32767,0
12:01.864,-838,32767,0
12:01.892,-838,32767,0
12:01.904,-838,32767,0
12:01.920,-838,32767,0
12:01.946,-837,32767,0
12:01.962,-836,32767,0
12:01.988,-832,32767,0
12:02.003,-831,32767,0
12:02.029,-831,32767,0
12:02.045,-831,32767,0
12:02.072,-831,32767,0
12:02.088,-831,32767,0
12:02.104,-831,32767,0
12:02.135,-831,32767,0
12:02.148,-831,32767,0
12:02.161,-831,32767,0
12:02.190,-831,32767,0
12:02.203,-831,32767,0
12:02.232,-831,32767,0
12:02.244,-831,32767,0
12:02.260,-831,32767,0
12:02.286,-831,32767,0
12:02.302,-831,32767,0
12:02.327,-831,32767,0
12:02.343,-831,32767,0
12:02.367,-831,32767,0
12:02.384,-831,32767,0
12:02.408,-831,32767,0
12:02.425,-831,32767,0
12:02.441,-831,32767,0
12:02.473,-831,32767,0
12:02.489,-831,32767,0
12:02.505,-831,32767,0
12:02.525,-831,32767,0
12:02.558,-831,32767,0
12:02.572,-831,32767,0
12:02.585,-831,32767,0
12:02.602,-831,32767,0
12:02.628,-831,32767,0
12:02.644,-831,32767,0
12:02.669,-831,32767,0
12:02.685,-831,32767,0
12:02.710,-831,32767,0
12:02.725,-830,32767,0
12:02.751,-824,32767,0
12:02.767,-819,32767,5
12:02.782,-811,32767,0
12:02.809,-804,32767,0
12:02.822,-799,32767,0
12:02.850,-799,32767,0
12:02.862,-799,32767,0
12:02.889,-799,32767,0
12:02.903,-799,32767,0
12:02.933,-791,32767,0
12:02.948,-779,32767,0
12:02.961,-766,32767,0
12:02.989,-726,32767,0
12:03.003,-707,32767,0
12:03.032,-648,32767,0
12:03.046,-615,32767,0
12:03.062,-582,32767,0
12:03.087,-514,32767,0
12:03.103,-477,32767,0
12:03.129,-406,32767,0
12:03.144,-374,32767,0
12:03.169,-320,32767,0
12:03.185,-300,32767,0
12:03.211,-262,32767,0
12:03.228,-253,32767,0
12:03.242,-246,32767,0
12:03.273,-246,32767,0
12:03.287,-246,32767,0
12:03.302,-246,32767,0
12:03.333,-246,32767,0
12:03.346,-246,32767,0
12:03.361,-246,32767,0
12:03.387,-246,32767,0
12:03.403,-246,32767,0
12:03.428,-246,32767,0
12:03.443,-246,32767,0
12:03.470,-246,32767,0
12:03.485,-246,32767,0
12:03.514,-242,32767,0
12:03.531,-240,32767,0
12:03.547,-228,32767,0
12:03.563,-213,32767,0
12:03.593,-163,32767,0
12:03.606,-131,32767,0
12:03.622,-98,32767,0
12:03.647,-18,32767,0
12:03.664,23,32767,0
12:03.689,121,32767,0
12:03.706,155,32767,0
12:03.733,238,32767,0
12:03.749,272,32767,0
12:03.762,305,32767,0
12:03.791,350,32767,0
12:03.804,371,32767,0
12:03.833,396,32767,0
12:03.845,403,32767,0
12:03.873,404,32767,0
12:03.887,404,32767,0
12:03.915,404,32767,0
12:03.929,408,32767,0
12:03.942,408,32767,0
12:03.970,408,32767,0
12:03.984,408,32767,0
12:04.011,408,32767,0
12:04.025,408,32767,0
12:04.042,408,32767,0
12:04.067,408,32767,0
12:04.084,408,32767,0
12:04.108,408,32767,0
12:04.125,408,32767,0
12:04.150,408,32767,0
12:04.167,408,32767,0
12:04.190,408,32767,0
12:04.206,408,32767,0
12:04.232,408,32767,0
12:04.247,408,32767,0
12:04.273,408,32767,0
12:04.289,408,32767,0
12:04.302,408,32767,0
12:04.331,408,32767,0
12:04.344,408,32767,0
12:04.372,408,32767,0
12:04.386,408,32767,0
12:04.414,408,32767,0
12:04.427,408,32767,0
12:04.455,408,32767,0
12:04.469,408,32767,0
12:04.482,408,32767,0
12:04.510,408,32767,0
12:04.524,408,32767,0
12:04.541,408,32767,0
12:04.566,408,32767,0
12:04.582,408,32767,0
12:04.605,408,32767,0
12:04.622,408,32767,0
12:04.645,408,32767,0
12:04.662,408,32767,0
12:04.687,408,32767,0
12:04.703,408,32767,0
12:04.727,408,32767,0
12:04.743,408,32767,0
12:04.768,408,32767,0
12:04.784,408,32767,0
12:04.809,408,32767,0
12:04.824,408,32767,0
12:04.849,408,32767,0
12:04.865,408,32767,0
12:04.890,408,32767,0
12:04.905,408,32767,0
12:04.931,408,32767,0
12:04.947,408,32767,0
12:04.961,408,32767,0
12:04.989,408,32767,0
12:05.002,408,32767,0
12:05.028,408,32767,0
12:05.041,408,32767,0
12:05.069,408,32767,0
12:05.083,408,32767,0
12:05.111,408,32767,0
12:05.125,408,32767,0
12:05.152,408,32767,0
12:05.165,408,32767,0
12:05.194,408,32767,0
12:05.208,408,32767,0
12:05.221,408,32767,0
12:05.250,408,32767,0
12:05.264,408,32767,0
12:05.290,408,32767,0
12:05.302,408,32767,0
12:05.330,408,32767,0
12:05.344,408,32767,0
12:05.361,408,32767,0
12:05.386,408,32767,0
12:05.402,408,32767,0
12:05.427,408,32767,0
12:05.444,408,32767,0
12:05.468,408,32767,0
12:05.484,408,32767,0
12:05.508,408,32767,0
12:05.525,410,32767,0
12:05.550,423,32767,0
12:05.566,435,32767,0
12:05.591,469,32767,0
12:05.607,488,32767,0
12:05.632,540,32767,0
12:05.647,560,32767,0
12:05.672,607,32767,0
12:05.689,626,32767,0
12:05.701,646,32767,0
12:05.729,672,32767,0
12:05.742,691,32767,0
12:05.772,710,32767,0
12:05.785,717,32767,0
12:05.813,718,32767,0
12:05.825,718,32767,0
12:05.851,718,32767,0
12:05.865,717,32767,0
12:05.892,699,32767,0
12:05.905,664,32767,0
12:05.932,565,32767,0
12:05.945,469,32767,0
12:05.972,306,32767,0
12:05.984,155,32767,0
12:06.015,-38,32767,0
12:06.027,-168,32767,0
12:06.041,-249,32767,0
12:06.069,-444,32767,0
12:06.082,-522,32767,0
12:06.110,-688,32767,0
12:06.123,-779,32767,0
12:06.150,-954,32767,0
12:06.165,-1052,32767,0
12:06.181,-1151,32767,0
12:06.206,-1336,32767,0
12:06.222,-1428,32767,0
12:06.245,-1609,32767,0
12:06.272,-1796,32767,0
12:06.285,-1904,32767,0
12:06.301,-1992,32767,0
12:06.324,-2222,32767,0
12:06.352,-2462,32767,0
12:06.364,-2611,32767,0
12:06.391,-2927,32767,0
12:06.405,-3091,32767,0
12:06.432,-3512,32767,0
12:06.444,-3732,32767,0
12:06.471,-4160,32767,0
12:06.484,-4371,32767,0
12:06.509,-4872,32767,0
12:06.523,-5091,32767,0
12:06.551,-5574,32767,0
12:06.565,-5844,32767,0
12:06.581,-6113,32767,0
12:06.606,-6637,32767,0
12:06.622,-6885,32767,0
12:06.646,-7331,32767,0
12:06.662,-7580,32767,0
12:06.685,-8040,32767,0
12:06.701,-8249,32767,0
12:06.725,-8699,32767,0
12:06.752,-9095,32767,0
12:06.763,-9284,32767,0
12:06.791,-9708,32767,0
12:06.804,-9888,32767,0
12:06.830,-10301,32767,0
12:06.843,-10475,32767,0
12:06.870,-10849,32767,0
12:06.883,-11045,32767,0
12:06.909,-11428,32767,0
12:06.923,-11565,32767,0
12:06.949,-11937,32767,0
12:06.963,-12116,32767,0
12:06.992,-12487,32767,0
12:07.004,-12671,32767,0
12:07.031,-13012,32767,0
12:07.045,-13177,32767,0
12:07.061,-13365,32767,0
12:07.084,-13706,32767,0
12:07.111,-14092,32767,0
12:07.124,-14265,32767,0
12:07.151,-14671,32767,0
12:07.164,-14848,32767,0
12:07.190,-15259,32767,0
12:07.203,-15430,32767,0
12:07.231,-15804,32767,0
12:07.243,-16002,32767,0
12:07.270,-16366,32767,0
12:07.283,-16558,32767,0
12:07.310,-16898,32767,0
12:07.322,-17074,32767,0
12:07.348,-17369,32767,0
12:07.361,-17487,32767,0
12:07.389,-17750,32767,0
12:07.401,-17855,32767,0
12:07.430,-18082,32767,0
12:07.441,-18176,32767,0
12:07.469,-18338,32767,0
12:07.482,-18404,32767,0
12:07.510,-18556,32767,0
12:07.523,-18634,32767,0
12:07.551,-18790,32767,0
12:07.563,-18863,32767,0
12:07.590,-19008,32767,0
12:07.603,-19066,32767,0
12:07.628,-19186,32767,0
12:07.654,-19302,32767,0
12:07.666,-19394,32767,0
12:07.693,-19525,32767,0
12:07.704,-19624,32767,0
12:07.731,-19768,32767,0
12:07.742,-19878,32767,0
12:07.767,-20024,32767,0
12:07.792,-20193,32767,0
12:07.807,-20274,32767,0
12:07.830,-20429,32767,0
12:07.844,-20503,32767,0
12:07.867,-20667,32767,0
12:07.881,-20752,32767,0
12:07.904,-20936,32767,0
12:07.942,-21126,32767,0
12:07.943,-21126,32767,0
12:07.968,-21418,32767,0
12:07.992,-21575,32767,0
12:08.004,-21668,32767,0
12:08.029,-21814,32767,0
12:08.041,-21904,32767,0
12:08.066,-22047,32767,0
12:08.087,-22172,32767,0
12:08.102,-22218,32767,0
12:08.124,-22316,32767,0
12:08.149,-22389,32767,0
12:08.174,-22442,32767,0
12:08.184,-22468,32767,0
12:08.211,-22487,32767,0
12:08.224,-22495,32767,0
12:08.248,-22513,32767,0
12:08.271,-22535,32767,0
12:08.286,-22547,32767,0
12:08.307,-22553,32767,0
12:08.321,-22553,32767,0
12:08.345,-22553,32767,0
12:08.370,-22553,32767,0
12:08.381,-22553,32767,0
12:08.406,-22551,32767,0
12:08.433,-22548,32767,0
12:08.444,-22547,32767,0
12:08.468,-22545,32767,0
12:08.489,-22534,32767,0
12:08.503,-22527,32767,0
12:08.524,-22494,32767,0
12:08.550,-22448,32767,0
12:08.561,-22417,32767,0
12:08.586,-22350,32767,0
12:08.611,-22266,32767,0
12:08.623,-22206,32767,0
12:08.649,-22086,32767,0
12:08.670,-21952,32767,0
12:08.684,-21884,32767,0
12:08.705,-21733,32767,0
12:08.730,-21559,32767,0
12:08.741,-21466,32767,0
12:08.767,-21267,32767,0
12:08.790,-21079,32767,0
12:08.801,-20959,32767,0
12:08.824,-20777,32767,0
12:08.846,-20547,32767,0
12:08.861,-20458,32767,0
12:08.881,-20245,32767,0
12:08.905,-20024,32767,0
12:08.929,-19828,32767,0
12:08.950,-19592,32767,0
12:08.964,-19474,32767,0
12:08.985,-19226,32767,0
12:09.010,-18969,32767,0
12:09.021,-18858,32767,0
12:09.048,-18544,32767,0
12:09.072,-18288,32767,0
12:09.084,-18118,32767,0
12:09.109,-17843,32767,0
12:09.131,-17534,32767,0
12:09.145,-17375,32767,0
12:09.167,-17049,32767,0
12:09.181,-16879,32767,0
12:09.201,-16526,32767,0
12:09.225,-16153,32767,0
12:09.248,-15824,32767,0
12:09.269,-15423,32767,0
12:09.283,-15258,32767,0
12:09.304,-14828,32767,0
12:09.328,-14466,32767,0
12:09.351,-14104,32767,0
12:09.361,-13910,32767,0
12:09.385,-13593,32767,0
12:09.406,-13204,32767,0
12:09.429,-12816,32767,0
12:09.442,-12653,32767,0
12:09.467,-12219,32767,0
12:09.491,-11918,32767,0
12:09.501,-11707,32767,0
12:09.524,-11405,32767,0
12:09.545,-11041,32767,0
12:09.569,-10680,32767,0
12:09.592,-10386,32767,0
12:09.602,-10180,32767,0
12:09.626,-9878,32767,0
12:09.645,-9534,32767,0
12:09.669,-9219,32767,0
12:09.687,-8876,32767,0
12:09.709,-8569,32767,0
12:09.728,-8235,32767,0
12:09.750,-7973,32767,0
12:09.769,-7652,32767,0
12:09.806,-7500,32767,0
12:09.807,-7500,32767,0
12:09.826,-6859,32767,0
12:09.846,-6389,32767,0
12:09.867,-5962,32767,0
12:09.885,-5602,32767,0
12:09.912,-5148,32767,0
12:09.927,-4795,32767,0
12:09.947,-4187,32767,0
12:09.965,-3765,32767,0
12:09.986,-3276,32767,0
12:10.003,-2824,32767,0
12:10.025,-2331,32767,0
12:10.045,-1892,32767,0
12:10.066,-1460,32767,0
12:10.084,-1153,32767,0
12:10.105,-869,32767,0
12:10.124,-626,32767,0
12:10.145,-418,32767,0
12:10.163,-273,32767,0
12:10.184,-128,32767,0
12:10.202,-31,32767,0
12:10.222,51,32767,0
12:10.241,101,32767,0
12:10.263,127,32767,0
12:10.282,129,32767,0
12:10.302,129,32767,0
12:10.332,129,32767,0
12:10.351,129,32767,0
12:10.371,129,32767,0
12:10.387,129,32767,0
12:10.408,129,32767,0
12:10.425,129,32767,0
12:10.444,129,32767,0
12:10.463,129,32767,0
12:10.482,129,32767,0
12:10.508,129,32767,0
12:10.528,129,32767,0
20:10.566,392,32767,0
20:10.587,392,32767,0
20:10.603,392,32767,0
20:10.618,392,32767,0
20:10.649,392,32767,0
20:10.665,392,32767,0
20:10.680,392,32767,0
20:10.695,392,32767,0
20:10.727,392,32767,0
20:10.743,392,32767,0
20:10.758,392,32767,0
20:10.788,392,32767,0
20:10.802,392,32767,0
20:10.818,392,32767,0
20:10.835,392,32767,0
20:10.864,392,32767,0
20:10.878,392,32767,0
20:10.909,392,32767,0
20:10.924,392,32767,0
20:10.940,392,32767,0
20:10.957,392,32767,0
20:10.989,392,32767,0
20:11.005,392,32767,0
20:11.022,392,32767,0
20:11.037,392,32767,0
20:11.068,392,32767,0
20:11.086,392,32767,0
20:11.102,392,32767,0
20:11.117,392,32767,0
20:11.148,392,32767,0
20:11.164,392,32767,0
20:11.180,392,32767,0
20:11.196,392,32767,0
20:11.225,392,32767,0
20:11.240,392,32767,0
20:11.257,392,32767,0
20:11.286,392,32767,0
20:11.303,392,32767,0
20:11.321,392,32767,0
20:11.337,392,32767,0
20:11.356,392,32767,0
20:11.390,392,32767,0
20:11.407,392,32767,0
20:11.424,392,32767,0
20:11.441,392,32767,0
20:11.457,392,32767,0
20:11.488,392,32767,0
20:11.503,392,32767,0
20:11.518,392,32767,0
20:11.535,392,32767,0
20:11.564,392,32767,0
20:11.581,392,32767,0
20:11.596,392,32767,0
20:11.625,392,32767,0
20:11.641,392,32767,0
20:11.655,392,32767,0
20:11.685,392,32767,0
20:11.700,392,32767,0
20:11.716,392,32767,0
20:11.747,392,32767,0
20:11.764,392,32767,0
20:11.780,392,32767,0
20:11.798,392,32767,0
20:11.815,392,32767,4
20:11.844,392,32767,0
20:11.861,392,32767,0
20:11.877,392,32767,0
20:11.908,392,32767,0
20:11.923,392,32767,0
20:11.939,392,32767,0
20:11.968,392,32767,0
20:11.983,392,32767,0
20:12.001,392,32767,0
20:12.018,392,32767,0
20:12.047,392,32767,0
20:12.063,392,32767,0
20:12.079,392,32767,0
20:12.096,392,32767,0
20:12.125,392,32767,0
20:12.142,392,32767,0
20:12.156,392,32767,0
20:12.189,392,32767,0
20:12.206,392,32767,0
20:12.222,392,32767,0
20:12.238,392,32767,0
20:12.268,392,32767,0
20:12.284,392,32767,0
20:12.300,392,32767,0
20:12.315,392,32767,0
20:12.345,392,32767,0
20:12.361,392,32767,0
20:12.378,392,32767,0
20:12.407,392,32767,0
20:12.423,392,32767,0
20:12.440,392,32767,0
20:12.455,392,32767,0
20:12.485,392,32767,0
20:12.500,392,32767,0
20:12.517,392,32767,0
20:12.547,392,32767,0
20:12.563,392,32767,0
20:12.579,392,32767,0
20:12.596,392,32767,0
20:12.628,392,32767,0
20:12.643,392,32767,0
20:12.658,392,32767,0
20:12.687,392,32767,0
20:12.703,392,32767,0
20:12.719,392,32767,0
20:12.749,392,32767,0
20:12.764,392,32767,0
20:12.779,392,32767,0
20:12.808,392,32767,0
20:12.824,392,32767,0
20:12.839,392,32767,0
20:12.869,392,32767,0
20:12.884,392,32767,0
20:12.899,392,32767,0
20:12.929,392,32767,0
20:12.945,392,32767,0
20:12.962,392,32767,0
20:12.978,392,32767,0
20:13.009,392,32767,0
20:13.026,392,32767,0
20:13.041,392,32767,0
20:13.057,392,32767,0
20:13.087,392,32767,0
20:13.103,392,32767,0
20:13.118,392,32767,6
20:13.148,392,32767,0
20:13.163,392,32767,0
20:13.178,392,32767,0
20:13.207,392,32767,0
20:13.224,392,32767,0
20:13.240,392,32767,0
20:13.256,392,32767,0
20:13.286,392,32767,0
20:13.302,392,32767,0
20:13.316,392,32767,0
20:13.347,392,32767,0
20:13.362,392,32767,0
20:13.376,392,32767,0
20:13.407,392,32767,0
20:13.424,392,32767,0
20:13.440,392,32767,0
20:13.455,392,32767,0
20:13.485,392,32767,0
20:13.500,392,32767,0
20:13.515,392,32767,0
20:13.545,392,32767,0
20:13.561,392,32767,0
20:13.577,392,32767,0
20:13.607,392,32767,0
20:13.622,392,32767,0
20:13.637,392,32767,0
20:13.667,392,32767,0
20:13.683,392,32767,0
20:13.699,392,32767,0
20:13.716,392,32767,0
20:13.746,392,32767,0
20:13.761,392,32767,0
20:13.776,392,32767,0
20:13.807,392,32767,0
20:13.824,392,32767,0
20:13.840,392,32767,0
20:13.855,392,32767,0
20:13.886,392,32767,0
20:13.902,392,32767,0
20:13.918,392,32767,0
20:13.935,392,32767,0
20:13.965,392,32767,0
20:13.982,392,32767,0
20:13.999,392,32767,0
20:14.016,392,32767,0
20:14.048,392,32767,0
20:14.065,392,32767,0
20:14.082,392,32767,0
20:14.098,392,32767,0
20:14.127,392,32767,0
20:14.142,392,32767,0
20:14.157,392,32767,0
20:14.186,392,32767,0
20:14.202,392,32767,0
20:14.217,392,32767,0
20:14.248,392,32767,0
20:14.265,392,32767,0
20:14.281,392,32767,0
20:14.296,392,32767,0
20:14.327,392,32767,0
20:14.342,392,32767,0
20:14.358,392,32767,0
20:14.390,392,32767,0
20:14.406,392,32767,0
20:14.422,392,32767,0
20:14.438,392,32767,0
20:14.469,392,32767,0
20:14.485,392,32767,0
20:14.500,392,32767,0
20:14.515,392,32767,0
20:14.544,392,32767,0
20:14.559,392,32767,0
20:14.575,392,32767,0
20:14.605,392,32767,8
20:14.620,392,32767,0
20:14.635,392,32767,0
20:14.668,392,32767,0
20:14.685,392,32767,0
20:14.701,392,32767,0
20:14.716,392,32767,0
20:14.747,392,32767,0
20:14.762,392,32767,0
20:14.776,392,32767,0
20:14.806,392,32767,0
20:14.822,392,32767,0
20:14.838,392,32767,0
20:14.868,392,32767,0
20:14.883,392,32767,0
20:14.899,392,32767,0
20:14.928,392,32767,0
20:14.943,392,32767,0
20:14.959,392,32767,0
20:14.987,392,32767,0
20:15.003,392,32767,0
20:15.019,392,32767,0
20:15.050,392,32767,0
20:15.067,392,32767,0
20:15.083,392,32767,0
20:15.099,392,32767,0
20:15.130,392,32767,0
20:15.146,392,32767,0
20:15.163,392,32767,0
20:15.178,392,32767,0
20:15.207,392,32767,0
20:15.224,392,32767,0
20:15.239,392,32767,0
20:15.268,392,32767,0
20:15.283,392,32767,0
20:15.299,392,32767,0
20:15.328,392,32767,0
20:15.343,392,32767,0
20:15.358,392,32767,0
20:15.387,392,32767,0
20:15.403,392,32767,0
20:15.418,392,32767,0
20:15.448,392,32767,0
20:15.465,392,32767,0
20:15.482,392,32767,0
20:15.500,392,32767,0
20:15.517,392,32767,0
20:15.547,392,32767,0
20:15.564,392,32767,0
20:15.580,392,32767,2
20:15.596,392,32767,0
20:15.626,392,32767,0
20:15.641,392,32767,0
20:15.658,392,32767,0
20:15.688,392,32767,0
20:15.703,392,32767,0
20:15.719,392,32767,0
20:15.737,392,32767,0
20:15.767,392,32767,0
20:15.783,392,32767,0
20:15.799,392,32767,0
20:15.828,392,32767,0
20:15.843,392,32767,0
20:15.860,392,32767,0
20:15.877,392,32767,0
20:15.908,392,32767,0
20:15.923,392,32767,0
20:15.939,392,32767,0
20:15.968,392,32767,0
20:15.983,392,32767,0
20:15.998,392,32767,0
20:16.029,392,32767,0
20:16.045,392,32767,0
20:16.060,392,32767,0
20:16.077,392,32767,0
20:16.107,392,32767,0
20:16.122,392,32767,0
20:16.138,392,32767,0
20:16.167,392,32767,0
20:16.183,392,32767,0
20:16.198,392,32767,0
20:16.228,392,32767,0
20:16.244,392,32767,0
20:16.260,392,32767,0
20:16.275,392,32767,0
20:16.307,392,32767,0
20:16.324,392,32767,0
20:16.339,392,32767,0
20:16.355,392,32767,0
20:16.385,392,32767,0
20:16.400,392,32767,0
20:16.416,392,32767,0
20:16.445,392,32767,0
20:16.461,392,32767,0
20:16.476,392,32767,0
20:16.506,392,32767,0
20:16.521,392,32767,0
20:16.537,392,32767,0
20:16.565,392,32767,0
20:16.581,392,32767,0
20:16.596,392,32767,0
20:16.626,392,32767,0
20:16.641,392,32767,0
20:16.656,392,32767,0
20:16.685,392,32767,0
20:16.702,392,32767,0
20:16.718,392,32767,0
20:16.735,392,32767,0
20:16.765,392,32767,0
20:16.781,392,32767,0
20:16.796,392,32767,0
20:16.827,392,32767,0
20:16.842,392,32767,0
20:16.857,392,32767,0
20:16.886,392,32767,0
20:16.901,392,32767,0
20:16.916,392,32767,0
20:16.946,392,32767,0
20:16.962,392,32767,0
20:16.977,392,32767,0
20:17.006,392,32767,0
20:17.022,392,32767,0
20:17.038,392,32767,0
20:17.067,392,32767,0
20:17.082,392,32767,0
20:17.098,392,32767,0
20:17.116,392,32767,0
20:17.147,392,32767,0
20:17.163,392,32767,0
20:17.179,392,32767,0
20:17.208,392,32767,0
20:17.223,392,32767,0
20:17.239,392,32767,0
20:17.255,392,32767,0
20:17.285,392,32767,0
20:17.300,392,32767,0
20:17.316,392,32767,0
20:17.347,388,32767,0
20:17.362,378,32767,0
20:17.379,344,32767,0
20:17.395,270,32767,0
20:17.425,-21,32767,0
20:17.443,-183,32767,0
20:17.459,-403,32767,0
20:17.476,-609,32767,0
20:17.506,-1116,32767,0
20:17.524,-1418,32767,0
20:17.540,-1756,32767,0
20:17.556,-2153,32767,0
20:17.587,-2932,32767,0
20:17.603,-3298,32767,0
20:17.619,-3711,32767,0
20:17.635,-4131,32767,0
20:17.666,-4985,32767,0
20:17.682,-5391,32767,0
20:17.697,-5783,32767,0
20:17.729,-6481,32767,0
20:17.746,-6819,32767,0
20:17.762,-7161,32767,0
20:17.778,-7445,32767,0
20:17.809,-7897,32767,0
20:17.824,-8082,32767,0
20:17.840,-8227,32767,0
20:17.855,-8333,32767,0
20:17.886,-8412,32767,0
20:17.902,-8399,32767,0
20:17.917,-8356,32767,0
20:17.950,-8173,32767,0
20:17.966,-7994,32767,0
20:17.982,-7786,32767,0
20:17.999,-7535,32767,0
20:18.015,-7253,32767,0
20:18.046,-6634,32767,0
20:18.061,-6249,32767,0
20:18.076,-5820,32767,0
20:18.106,-4967,32767,0
20:18.122,-4473,32767,0
20:18.138,-4026,32767,0
20:18.169,-2987,32767,0
20:18.185,-2452,32767,0
20:18.202,-1947,32767,0
20:18.218,-1445,32767,0
20:18.247,-481,32767,0
20:18.264,-84,32767,0
20:18.280,349,32767,0
20:18.296,812,32767,0
20:18.329,1492,32767,0
20:18.345,1858,32767,0
20:18.362,2154,32767,0
20:18.378,2444,32767,0
20:18.395,2656,32767,0
20:18.425,2912,32767,0
20:18.440,2963,32767,0
20:18.456,2956,32767,0
20:18.487,2825,32767,0
20:18.503,2689,32767,0
20:18.518,2504,32767,0
20:18.548,2031,32767,0
20:18.563,1760,32767,0
20:18.580,1418,32767,0
20:18.596,1010,32767,0
20:18.625,285,32767,0
20:18.642,-164,32767,0
20:18.658,-607,32767,0
20:18.691,-1552,32767,0
20:18.707,-2090,32767,0
20:18.723,-2563,32767,0
20:18.738,-3041,32767,0
20:18.755,-3519,32767,0
20:18.787,-4428,32767,0
20:18.804,-4872,32767,0
20:18.820,-5344,32767,0
20:18.835,-5729,32767,0
20:18.865,-6379,32767,0
20:18.881,-6639,32767,0
20:18.898,-6890,32767,0
20:18.928,-7259,32767,0
20:18.945,-7389,32767,0
20:18.961,-7477,32767,0
20:18.976,-7526,32767,0
20:19.006,-7518,32767,0
20:19.023,-7477,32767,0
20:19.039,-7408,32767,0
20:19.056,-7307,32767,0
20:19.087,-7032,32767,0
20:19.103,-6851,32767,0
20:19.118,-6643,32767,0
20:19.148,-6189,32767,0
20:19.165,-5946,32767,0
20:19.183,-5618,32767,0
20:19.200,-5276,32767,0
20:19.215,-4911,32767,0
20:19.246,-4270,32767,0
20:19.261,-3972,32767,0
20:19.277,-3637,32767,0
20:19.308,-2969,32767,0
20:19.324,-2646,32767,0
20:19.340,-2346,32767,0
20:19.356,-2107,32767,0
20:19.385,-1631,32767,0
20:19.400,-1458,32767,0
20:19.416,-1292,32767,0
20:19.446,-1061,32767,0
20:19.462,-982,32767,0
20:19.477,-930,32767,0
20:19.506,-902,32767,0
20:19.522,-904,32767,0
20:19.539,-910,32767,0
20:19.570,-919,32767,0
20:19.587,-920,32767,0
20:19.603,-920,32767,0
20:19.619,-920,32767,0
20:19.635,-920,32767,0
20:19.665,-918,32767,0
20:19.681,-918,32767,0
20:19.698,-918,32767,0
20:19.728,-918,32767,0
20:19.745,-918,32767,0
20:19.759,-918,32767,0
20:19.775,-918,32767,0
20:19.806,-918,32767,5
20:19.821,-918,32767,0
20:19.837,-918,32767,0
20:19.868,-918,32767,0
20:19.884,-918,32767,0
20:19.899,-918,32767,0
20:19.915,-918,32767,0
20:19.944,-918,32767,0
20:19.960,-918,32767,0
20:19.976,-918,32767,0
20:20.008,-918,32767,0
20:20.023,-918,32767,0
20:20.040,-918,32767,0
20:20.055,-918,32767,0
20:20.087,-918,32767,0
20:20.102,-918,32767,0
20:20.119,-918,32767,0
20:20.136,-918,32767,0
20:20.168,-918,32767,0
20:20.185,-918,32767,0
20:20.202,-918,32767,0
20:20.219,-918,32767,0
20:20.247,-918,32767,0
20:20.263,-918,32767,0
20:20.279,-918,32767,0
20:20.307,-918,32767,0
20:20.323,-918,32767,0
20:20.338,-918,32767,0
20:20.355,-918,32767,0
20:20.386,-918,32767,0
20:20.404,-918,32767,0
20:20.421,-918,32767,0
20:20.437,-918,32767,0
20:20.468,-918,32767,0
20:20.483,-918,32767,0
20:20.499,-918,32767,0
20:20.515,-918,32767,0
20:20.546,-918,32767,0
20:20.563,-918,32767,0
20:20.579,-918,32767,0
20:20.608,-918,32767,0
20:20.624,-918,32767,0
20:20.638,-918,32767,0
20:20.668,-918,32767,0
20:20.683,-918,32767,0
20:20.697,-918,32767,0
20:20.728,-918,32767,0
20:20.744,-918,32767,0
20:20.759,-918,32767,0
20:20.776,-918,32767,0
20:20.808,-918,32767,0
20:20.825,-918,32767,0
20:20.842,-918,32767,0
20:20.858,-918,32767,0
20:20.888,-918,32767,0
20:20.903,-918,32767,0
20:20.919,-918,32767,0
20:20.950,-918,32767,0
20:20.964,-918,32767,0
20:20.980,-918,32767,0
20:20.996,-918,32767,0
20:21.025,-918,32767,0
20:21.040,-918,32767,0
20:21.057,-918,32767,0
20:21.088,-918,32767,0
20:21.103,-918,32767,0
20:21.118,-918,32767,0
20:21.148,-918,32767,0
20:21.163,-918,32767,0
20:21.178,-918,32767,0
20:21.210,-918,32767,0
20:21.226,-918,32767,0
20:21.243,-918,32767,0
20:21.259,-918,32767,0
20:21.288,-918,32767,0
20:21.303,-918,32767,0
20:21.318,-918,32767,0
20:21.349,-918,32767,0
20:21.364,-918,32767,0
20:21.379,-918,32767,0
20:21.409,-918,32767,0
20:21.424,-918,32767,0
20:21.440,-918,32767,0
20:21.455,-918,32767,0
20:21.484,-918,32767,0
20:21.499,-918,32767,0
20:21.530,-918,32767,0
20:21.546,-918,32767,0
20:21.562,-918,32767,0
20:21.578,-918,32767,0
20:21.609,-918,32767,0
20:21.624,-918,32767,0
20:21.641,-918,32767,0
20:21.657,-918,32767,0
20:21.687,-918,32767,0
20:21.703,-918,32767,0
20:21.719,-918,32767,0
20:21.735,-918,32767,0
20:21.764,-918,32767,0
20:21.779,-918,32767,0
20:21.809,-918,32767,0
20:21.825,-918,32767,0
20:21.841,-918,32767,0
20:21.858,-918,32767,0
20:21.887,-918,32767,0
20:21.903,-918,32767,0
20:21.919,-918,32767,0
20:21.935,-918,32767,0
20:21.964,-918,32767,0
15:05.969,0,0,0
15:05.991,0,0,0
15:06.010,0,0,0
15:06.028,0,0,0
15:06.046,0,0,0
15:06.063,0,0,0
15:06.081,0,0,0
15:06.113,0,0,0
15:06.128,0,0,0
15:06.145,0,0,0
15:06.161,0,0,0
15:06.191,0,0,0
15:06.207,0,0,0
15:06.223,0,0,0
15:06.239,0,0,0
15:06.270,0,0,0
15:06.287,0,0,0
15:06.301,0,0,0
15:06.333,0,0,0
15:06.349,0,0,0
15:06.363,0,0,0
15:06.379,0,0,0
15:06.408,0,0,0
15:06.423,0,0,0
15:06.439,0,0,0
15:06.469,0,0,0
15:06.486,0,0,0
15:06.502,0,0,0
15:06.533,0,0,0
15:06.548,0,0,0
15:06.563,0,0,0
15:06.580,0,0,0
15:06.613,0,0,0
15:06.630,0,0,0
15:06.647,0,0,0
15:06.664,0,0,0
15:06.681,0,0,0
15:06.712,0,0,0
15:06.728,0,0,0
15:06.745,0,0,0
15:06.762,0,0,0
15:06.793,0,0,0
15:06.809,0,0,0
15:06.825,0,0,0
15:06.841,0,0,0
15:06.859,0,0,0
15:06.891,0,0,0
15:06.907,0,0,0
15:06.923,0,0,0
15:06.957,0,0,0
15:06.973,0,0,0
15:06.991,0,0,0
15:07.006,0,0,0
15:07.022,0,0,0
15:07.040,0,0,0
15:07.072,0,0,0
15:07.089,0,0,0
15:07.106,0,0,0
15:07.122,0,0,0
15:07.154,0,0,0
15:07.169,0,0,0
15:07.185,0,0,0
15:07.200,0,0,0
15:07.230,0,0,0
15:07.247,0,0,0
15:07.261,0,0,0
15:07.291,0,0,0
15:07.307,0,0,0
15:07.321,0,0,0
15:07.351,0,0,0
15:07.366,0,0,0
15:07.381,0,0,0
15:07.411,0,0,0
15:07.426,0,0,0
15:07.441,0,0,0
15:07.472,0,0,0
15:07.487,0,0,0
15:07.505,0,0,0
15:07.519,0,0,0
15:07.549,0,0,0
15:07.566,0,0,0
15:07.582,0,0,0
15:07.599,0,0,0
36:09.588,0,0,0
36:09.609,0,0,0
36:09.624,0,0,0
36:09.641,0,0,0
36:09.670,0,0,0
36:09.685,0,0,0
36:09.701,0,0,0
36:09.734,0,0,0
36:09.750,0,0,0
36:09.766,0,0,0
36:09.781,0,0,0
36:09.812,0,0,0
36:09.828,0,0,0
36:09.844,0,0,0
36:09.876,0,0,0
36:09.892,0,0,0
36:09.907,0,0,0
36:09.924,0,0,0
36:09.957,0,0,0
36:09.973,0,0,0
36:09.988,0,0,0
36:10.003,0,0,0
36:10.035,0,0,0
36:10.052,0,0,0
36:10.068,0,0,0
36:10.084,0,0,0
36:10.101,0,0,0
36:10.130,0,0,0
36:10.147,0,0,0
36:10.162,0,0,0
36:10.192,0,0,0
36:10.208,0,0,0
36:10.224,0,0,0
36:10.256,0,0,0
36:10.271,0,0,0
36:10.286,0,0,0
36:10.303,0,0,0
36:10.333,0,0,0
36:10.351,0,0,0
36:10.368,0,0,0
36:10.385,0,0,0
36:10.402,0,0,0
36:10.435,0,0,0
36:10.452,0,0,0
36:10.468,0,0,0
36:10.485,0,0,0
36:10.515,0,0,0
